Workbook

Sheet 使用说明
A1: 冒险地图 V1 · 两轮可用性试用工具包 | B1: 冒险地图 V1 · 两轮可用性试用工具包 | C1: 冒险地图 V1 · 两轮可用性试用工具包 | D1: 冒险地图 V1 · 两轮可用性试用工具包 | E1: 冒险地图 V1 · 两轮可用性试用工具包 | F1: 冒险地图 V1 · 两轮可用性试用工具包 | G1: 冒险地图 V1 · 两轮可用性试用工具包 | H1: 冒险地图 V1 · 两轮可用性试用工具包
A2: 空白模板｜机构人工执行｜只判断地图是否可理解、可操作；不记录儿童身份，不推断学习效果。 | B2: 空白模板｜机构人工执行｜只判断地图是否可理解、可操作；不记录儿童身份，不推断学习效果。 | C2: 空白模板｜机构人工执行｜只判断地图是否可理解、可操作；不记录儿童身份，不推断学习效果。 | D2: 空白模板｜机构人工执行｜只判断地图是否可理解、可操作；不记录儿童身份，不推断学习效果。 | E2: 空白模板｜机构人工执行｜只判断地图是否可理解、可操作；不记录儿童身份，不推断学习效果。 | F2: 空白模板｜机构人工执行｜只判断地图是否可理解、可操作；不记录儿童身份，不推断学习效果。 | G2: 空白模板｜机构人工执行｜只判断地图是否可理解、可操作；不记录儿童身份，不推断学习效果。 | H2: 空白模板｜机构人工执行｜只判断地图是否可理解、可操作；不记录儿童身份，不推断学习效果。
A4: 先读：这份工具包回答什么 | B4: 先读：这份工具包回答什么 | C4: 先读：这份工具包回答什么 | D4: 先读：这份工具包回答什么 | E4: 先读：这份工具包回答什么 | F4: 先读：这份工具包回答什么 | G4: 先读：这份工具包回答什么 | H4: 先读：这份工具包回答什么
A5: 回答 | B5: 孩子能否在 30 秒内独立找到推荐课程、区分可用与正在绘制地点、理解一次地图成长。
A6: 不回答 | B6: 学习效果、长期留存、个人能力、排名、班级比较或儿童画像。
A7: 执行人 | B7: 机构教师或观察员人工执行；本工作簿不会自动采集网站行为。
A8: 结果状态 | B8: 所有结果栏均为空。没有真实执行证据时，汇总只显示 HUMAN_REQUIRED — 待执行。
A9: 记录行 | B9: 表格中的 1–30 只是当次表格行号，不是匿名用户 ID；不得跨表、跨周或跨系统关联。
A10: 数据边界 | B10: 不要填写孩子姓名、学号、班级名单、手机号、账号、设备唯一标识、完整点击流、个人留存或学习成绩。
A12: 执行顺序 | B12: 执行顺序 | C12: 执行顺序 | D12: 执行顺序 | E12: 执行顺序 | F12: 执行顺序 | G12: 执行顺序 | H12: 执行顺序
A13: 步骤 | B13: 何时 | C13: 操作
A14: 1 | B14: 第一轮前 | C14: 使用空白演示浏览器；确认无真实儿童数据；准备计时器。
A15: 2 | B15: 第一轮 | C15: 5–8 名孩子，每人 15–20 分钟；使用“任务脚本”固定措辞，先不提示。
A16: 3 | B16: 修复期 | C16: 只根据任务失败、求助和 P0/P1 修正 UI；不要把第一轮写成效果结论。
A17: 4 | B17: 第二轮 | C17: 一个 20–30 人班级实际使用一周；周末用同一任务和同一口径完成一次汇总记录。
A18: 5 | B18: 判定 | C18: 查看“汇总判定”；只有分母达标、第二轮四项比例均不低于 80%、且无未解决多数 P0/P1 才通过。
A20: 严重度与现场规则 | B20: 严重度与现场规则 | C20: 严重度与现场规则 | D20: 严重度与现场规则 | E20: 严重度与现场规则 | F20: 严重度与现场规则 | G20: 严重度与现场规则 | H20: 严重度与现场规则
A21: 等级/规则 | B21: 定义 | C21: 处理
A22: P0 | B22: 数据破坏、安全问题或核心站点完全不可用。 | C22: 立即停止试用并修复。
A23: P1 | B23: 多数人无法找到课程、区分地点、理解成长或返回地图。 | C23: 本轮不通过，修复后重新验证。
A24: P2 | B24: 局部裁切、难读、误触或反馈问题，但有清楚替代路径。 | C24: 记录并排期，不单独阻断判定。
A25: 求助 | B25: 只有孩子明确请求或停滞后观察员才提供；每次提示计 1 次。 | C25: 先记录当时用时与失败点，再提供最小提示。

Sheet 汇总判定
A1: V1 试用汇总与通过判定 | B1: V1 试用汇总与通过判定 | C1: V1 试用汇总与通过判定 | D1: V1 试用汇总与通过判定
A2: 所有数字由观察表公式生成。分母始终显示；空白数据不会被当成通过。 | B2: 所有数字由观察表公式生成。分母始终显示；空白数据不会被当成通过。 | C2: 所有数字由观察表公式生成。分母始终显示；空白数据不会被当成通过。 | D2: 所有数字由观察表公式生成。分母始终显示；空白数据不会被当成通过。
A4: 判定参数（只在规格变化时修改） | B4: 判定参数（只在规格变化时修改） | C4: 判定参数（只在规格变化时修改） | D4: 判定参数（只在规格变化时修改）
A5: 第二轮比例门槛 | B5: 0.8
A6: 第一轮最少人数 | B6: 5
A7: 第一轮最多人数 | B7: 8
A8: 第二轮最少人数 | B8: 20
A9: 第二轮最多人数 | B9: 30
A11: 儿童任务指标 | B11: 第一轮 | C11: 第二轮 | D11: 最终门槛/说明
A12: 有效分母 | B12: =COUNTIF('第一轮观察'!$K$5:$K$12,"<>") -> 0 | C12: =COUNTIF('第二轮观察'!$K$5:$K$34,"<>") -> 0 | D12: 第一轮 5–8；第二轮 20–30
A13: 30秒内找到 · 人数 | B13: =COUNTIF('第一轮观察'!$F$5:$F$12,"是") -> 0 | C13: =COUNTIF('第二轮观察'!$F$5:$F$34,"是") -> 0 | D13: 分子
A14: 30秒内找到 · 比例 | B14: =IF(B12=0,"",B13/B12) | C14: =IF(C12=0,"",C13/C12) | D14: 第二轮 ≥80%
A15: 区分地点状态 · 人数 | B15: =COUNTIF('第一轮观察'!$G$5:$G$12,"是") -> 0 | C15: =COUNTIF('第二轮观察'!$G$5:$G$34,"是") -> 0 | D15: 分子
A16: 区分地点状态 · 比例 | B16: =IF(B12=0,"",B15/B12) | C16: =IF(C12=0,"",C15/C12) | D16: 第二轮 ≥80%
A17: 理解一次成长 · 人数 | B17: =COUNTIF('第一轮观察'!$H$5:$H$12,"是") -> 0 | C17: =COUNTIF('第二轮观察'!$H$5:$H$34,"是") -> 0 | D17: 分子
A18: 理解一次成长 · 比例 | B18: =IF(B12=0,"",B17/B12) | C18: =IF(C12=0,"",C17/C12) | D18: 第二轮 ≥80%
A19: 三项均达标 · 人数 | B19: =COUNTIF('第一轮观察'!$I$5:$I$12,"是") -> 0 | C19: =COUNTIF('第二轮观察'!$I$5:$I$34,"是") -> 0 | D19: 分子
A20: 三项均达标 · 比例 | B20: =IF(B12=0,"",B19/B12) | C20: =IF(C12=0,"",C19/C12) | D20: 第二轮 ≥80%
A21: 样本范围 | B21: =IF(B12=0,"HUMAN_REQUIRED — 待执行",IF(AND(B12>=$B$6,B12<=$B$7),"达标","不达标")) -> HUMAN_REQUIRED — 待执行 | C21: =IF(C12=0,"HUMAN_REQUIRED — 待执行",IF(AND(C12>=$B$8,C12<=$B$9),"达标","不达标")) -> HUMAN_REQUIRED — 待执行 | D21: 两轮都必须达标
A23: 阻断问题判定 | B23: 阻断问题判定 | C23: 阻断问题判定 | D23: 阻断问题判定
A24: 未验证的多数 P0/P1 | B24: =COUNTIFS('问题记录'!$F$5:$F$44,"P0",'问题记录'!$G$5:$G$44,"是",'问题记录'!$L$5:$L$44,"<>已验证")+COUNTIFS('问题记录'!$F$5:$F$44,"P1",'问题记录'!$G$5:$G$44,"是",'问题记录'!$L$5:$L$44,"<>已验证") -> 0
A25: 问题门槛 | B25: =IF(B24=0,"通过","不通过") -> 通过
A27: 最终状态 | B27: 最终状态 | C27: 最终状态 | D27: 最终状态
A28: V1 地图试用判定 | B28: =IF(OR(B12=0,C12=0),"HUMAN_REQUIRED — 待执行",IF(AND(B21="达标",C21="达标",C14>=$B$5,C16>=$B$5,C18>=$B$5,C20>=$B$5,B25="通过"),"通过","不通过")) -> HUMAN_REQUIRED — 待执行
A29: 注意：通过只表示地图在本次机构试用中达到可理解、可操作门槛，不表示学习效果、留存或长期表现改善。 | B29: 注意：通过只表示地图在本次机构试用中达到可理解、可操作门槛，不表示学习效果、留存或长期表现改善。 | C29: 注意：通过只表示地图在本次机构试用中达到可理解、可操作门槛，不表示学习效果、留存或长期表现改善。 | D29: 注意：通过只表示地图在本次机构试用中达到可理解、可操作门槛，不表示学习效果、留存或长期表现改善。

Sheet 任务脚本
A1: 现场任务脚本（固定措辞） | B1: 现场任务脚本（固定措辞） | C1: 现场任务脚本（固定措辞） | D1: 现场任务脚本（固定措辞） | E1: 现场任务脚本（固定措辞）
A2: 观察员按原话读题；孩子操作时先不提示。第一轮和第二轮使用相同三项核心任务与通过口径。 | B2: 观察员按原话读题；孩子操作时先不提示。第一轮和第二轮使用相同三项核心任务与通过口径。 | C2: 观察员按原话读题；孩子操作时先不提示。第一轮和第二轮使用相同三项核心任务与通过口径。 | D2: 观察员按原话读题；孩子操作时先不提示。第一轮和第二轮使用相同三项核心任务与通过口径。 | E2: 观察员按原话读题；孩子操作时先不提示。第一轮和第二轮使用相同三项核心任务与通过口径。
A4: 第一轮：5–8 名孩子，每人 15–20 分钟 | B4: 第一轮：5–8 名孩子，每人 15–20 分钟 | C4: 第一轮：5–8 名孩子，每人 15–20 分钟 | D4: 第一轮：5–8 名孩子，每人 15–20 分钟 | E4: 第一轮：5–8 名孩子，每人 15–20 分钟
A5: 阶段 | B5: 对孩子说 | C5: 开始/停止计时 | D5: 通过口径 | E5: 记录位置
A6: 准备 | B6: “这里有一张英语冒险地图。请你自己看看，想怎么开始都可以。” | C6: 不计时 | D6: 观察是否理解页面可操作；不解释地图结构。 | E6: 第一轮观察：平台、求助
A7: 任务 1 | B7: “请找到现在最适合你继续学习的课程，并打开它。” | C7: 页面稳定可见时开始；打开推荐课程时停止 | D7: 不经提示，在 30 秒内进入推荐课程。 | E7: 独立找到、用时、30秒公式列
A8: 任务 2 | B8: “请回到地图，告诉我哪些地方现在能进去，哪些地方还在画。” | C8: 不单独计时 | D8: 能依据文字/图形状态区分可进入与正在绘制，不只说颜色。 | E8: 区分可用/正在绘制
A9: 任务 3 | B9: “请完成这里的一小关，再回地图看看。你发现什么变了？” | C9: 按课程实际操作 | D9: 完成一个真实阶段后，能指出地标新增的可见变化。 | E9: 理解一次地图成长
A10: 结束 | B10: “谢谢你。刚才哪里最难？哪里让你不知道该点什么？” | C10: 总时长控制在 15–20 分钟 | D10: 只记录操作困难与原话摘要，不评价英语能力。 | E10: 任务完成、求助、问题记录
A12: 第二轮：一个 20–30 人班级，实际使用一周 | B12: 第二轮：一个 20–30 人班级，实际使用一周 | C12: 第二轮：一个 20–30 人班级，实际使用一周 | D12: 第二轮：一个 20–30 人班级，实际使用一周 | E12: 第二轮：一个 20–30 人班级，实际使用一周
A13: 时间 | B13: 执行方式 | C13: 固定任务 | D13: 记录规则 | E13: 停止条件
A14: 第 1 天 | B14: 老师正常介绍公开课程入口，不讲解测试答案。 | C14: 保留任务 1–3 原话和通过口径。 | D14: 不建立孩子账号、匿名 ID 或点击流。 | E14: 出现 P0 立即停止。
... A19: 求助与观察口径 | B19: 求助与观察口径 | C19: 求助与观察口径 | D19: 求助与观察口径 | E19: 求助与观察口径
A20: 情况 | B20: 统一处理
A21: 孩子问“点哪里” | B21: 先记录当前用时和失败点，再给一个最小提示；求助次数 +1。
A22: 超过 30 秒 | B22: 记录实际秒数和“否”，随后可以帮助孩子继续完成其余任务。
A23: 孩子用颜色区分地点 | B23: 追问“除了颜色，你还看到了什么？”；必须说出文字/图形状态才算通过。
A24: 孩子说“变漂亮了” | B24: 追问“哪里多了什么？”；能指出新增地标部件才算理解成长。

Sheet 第一轮观察
A1: 第一轮观察（5–8 人） | B1: 第一轮观察（5–8 人） | C1: 第一轮观察（5–8 人） | D1: 第一轮观察（5–8 人） | E1: 第一轮观察（5–8 人） | F1: 第一轮观察（5–8 人） | G1: 第一轮观察（5–8 人） | H1: 第一轮观察（5–8 人） | I1: 第一轮观察（5–8 人） | J1: 第一轮观察（5–8 人） | K1: 第一轮观察（5–8 人） | L1: 第一轮观察（5–8 人） | M1: 第一轮观察（5–8 人）
A2: 每人 15–20 分钟。记录行只是表格位置，不得写姓名、学号或可跨表关联的匿名编号。 | B2: 每人 15–20 分钟。记录行只是表格位置，不得写姓名、学号或可跨表关联的匿名编号。 | C2: 每人 15–20 分钟。记录行只是表格位置，不得写姓名、学号或可跨表关联的匿名编号。 | D2: 每人 15–20 分钟。记录行只是表格位置，不得写姓名、学号或可跨表关联的匿名编号。 | E2: 每人 15–20 分钟。记录行只是表格位置，不得写姓名、学号或可跨表关联的匿名编号。 | F2: 每人 15–20 分钟。记录行只是表格位置，不得写姓名、学号或可跨表关联的匿名编号。 | G2: 每人 15–20 分钟。记录行只是表格位置，不得写姓名、学号或可跨表关联的匿名编号。 | H2: 每人 15–20 分钟。记录行只是表格位置，不得写姓名、学号或可跨表关联的匿名编号。 | I2: 每人 15–20 分钟。记录行只是表格位置，不得写姓名、学号或可跨表关联的匿名编号。 | J2: 每人 15–20 分钟。记录行只是表格位置，不得写姓名、学号或可跨表关联的匿名编号。 | K2: 每人 15–20 分钟。记录行只是表格位置，不得写姓名、学号或可跨表关联的匿名编号。 | L2: 每人 15–20 分钟。记录行只是表格位置，不得写姓名、学号或可跨表关联的匿名编号。 | M2: 每人 15–20 分钟。记录行只是表格位置，不得写姓名、学号或可跨表关联的匿名编号。
A4: 记录行 | B4: 日期 | C4: 平台类别 | D4: 独立找到推荐课程 | E4: 用时（秒） | F4: 30秒内独立找到 | G4: 区分可用/正在绘制 | H4: 理解一次地图成长 | I4: 三项均达标 | J4: 求助次数 | K4: 任务完成情况 | L4: 最高严重度 | M4: 观察备注（不要写姓名）
A5: 1 | F5: =IF(K5="","",IF(AND(D5="是",E5<>"",E5<=30),"是","否")) | I5: =IF(K5="","",IF(AND(F5="是",G5="是",H5="是"),"是","否"))
A6: 2 | F6: =IF(K6="","",IF(AND(D6="是",E6<>"",E6<=30),"是","否")) | I6: =IF(K6="","",IF(AND(F6="是",G6="是",H6="是"),"是","否"))
A7: 3 | F7: =IF(K7="","",IF(AND(D7="是",E7<>"",E7<=30),"是","否")) | I7: =IF(K7="","",IF(AND(F7="是",G7="是",H7="是"),"是","否"))
A8: 4 | F8: =IF(K8="","",IF(AND(D8="是",E8<>"",E8<=30),"是","否")) | I8: =IF(K8="","",IF(AND(F8="是",G8="是",H8="是"),"是","否"))
A9: 5 | F9: =IF(K9="","",IF(AND(D9="是",E9<>"",E9<=30),"是","否")) | I9: =IF(K9="","",IF(AND(F9="是",G9="是",H9="是"),"是","否"))
A10: 6 | F10: =IF(K10="","",IF(AND(D10="是",E10<>"",E10<=30),"是","否")) | I10: =IF(K10="","",IF(AND(F10="是",G10="是",H10="是"),"是","否"))
A11: 7 | F11: =IF(K11="","",IF(AND(D11="是",E11<>"",E11<=30),"是","否")) | I11: =IF(K11="","",IF(AND(F11="是",G11="是",H11="是"),"是","否"))
A12: 8 | F12: =IF(K12="","",IF(AND(D12="是",E12<>"",E12<=30),"是","否")) | I12: =IF(K12="","",IF(AND(F12="是",G12="是",H12="是"),"是","否"))

Sheet 第二轮观察
A1: 第二轮观察（20–30 人） | B1: 第二轮观察（20–30 人） | C1: 第二轮观察（20–30 人） | D1: 第二轮观察（20–30 人） | E1: 第二轮观察（20–30 人） | F1: 第二轮观察（20–30 人） | G1: 第二轮观察（20–30 人） | H1: 第二轮观察（20–30 人） | I1: 第二轮观察（20–30 人） | J1: 第二轮观察（20–30 人） | K1: 第二轮观察（20–30 人） | L1: 第二轮观察（20–30 人） | M1: 第二轮观察（20–30 人）
A2: 一个班级实际使用一周后，用与第一轮相同的任务和口径完成一次统一检查。 | B2: 一个班级实际使用一周后，用与第一轮相同的任务和口径完成一次统一检查。 | C2: 一个班级实际使用一周后，用与第一轮相同的任务和口径完成一次统一检查。 | D2: 一个班级实际使用一周后，用与第一轮相同的任务和口径完成一次统一检查。 | E2: 一个班级实际使用一周后，用与第一轮相同的任务和口径完成一次统一检查。 | F2: 一个班级实际使用一周后，用与第一轮相同的任务和口径完成一次统一检查。 | G2: 一个班级实际使用一周后，用与第一轮相同的任务和口径完成一次统一检查。 | H2: 一个班级实际使用一周后，用与第一轮相同的任务和口径完成一次统一检查。 | I2: 一个班级实际使用一周后，用与第一轮相同的任务和口径完成一次统一检查。 | J2: 一个班级实际使用一周后，用与第一轮相同的任务和口径完成一次统一检查。 | K2: 一个班级实际使用一周后，用与第一轮相同的任务和口径完成一次统一检查。 | L2: 一个班级实际使用一周后，用与第一轮相同的任务和口径完成一次统一检查。 | M2: 一个班级实际使用一周后，用与第一轮相同的任务和口径完成一次统一检查。
A4: 记录行 | B4: 日期 | C4: 平台类别 | D4: 独立找到推荐课程 | E4: 用时（秒） | F4: 30秒内独立找到 | G4: 区分可用/正在绘制 | H4: 理解一次地图成长 | I4: 三项均达标 | J4: 求助次数 | K4: 任务完成情况 | L4: 最高严重度 | M4: 观察备注（不要写姓名）
A5: 1 | F5: =IF(K5="","",IF(AND(D5="是",E5<>"",E5<=30),"是","否")) | I5: =IF(K5="","",IF(AND(F5="是",G5="是",H5="是"),"是","否"))
A6: 2 | F6: =IF(K6="","",IF(AND(D6="是",E6<>"",E6<=30),"是","否")) | I6: =IF(K6="","",IF(AND(F6="是",G6="是",H6="是"),"是","否"))
A7: 3 | F7: =IF(K7="","",IF(AND(D7="是",E7<>"",E7<=30),"是","否")) | I7: =IF(K7="","",IF(AND(F7="是",G7="是",H7="是"),"是","否"))
A8: 4 | F8: =IF(K8="","",IF(AND(D8="是",E8<>"",E8<=30),"是","否")) | I8: =IF(K8="","",IF(AND(F8="是",G8="是",H8="是"),"是","否"))
A9: 5 | F9: =IF(K9="","",IF(AND(D9="是",E9<>"",E9<=30),"是","否")) | I9: =IF(K9="","",IF(AND(F9="是",G9="是",H9="是"),"是","否"))
A10: 6 | F10: =IF(K10="","",IF(AND(D10="是",E10<>"",E10<=30),"是","否")) | I10: =IF(K10="","",IF(AND(F10="是",G10="是",H10="是"),"是","否"))
A11: 7 | F11: =IF(K11="","",IF(AND(D11="是",E11<>"",E11<=30),"是","否")) | I11: =IF(K11="","",IF(AND(F11="是",G11="是",H11="是"),"是","否"))
A12: 8 | F12: =IF(K12="","",IF(AND(D12="是",E12<>"",E12<=30),"是","否")) | I12: =IF(K12="","",IF(AND(F12="是",G12="是",H12="是"),"是","否"))
A13: 9 | F13: =IF(K13="","",IF(AND(D13="是",E13<>"",E13<=30),"是","否")) | I13: =IF(K13="","",IF(AND(F13="是",G13="是",H13="是"),"是","否"))
A14: 10 | F14: =IF(K14="","",IF(AND(D14="是",E14<>"",E14<=30),"是","否")) | I14: =IF(K14="","",IF(AND(F14="是",G14="是",H14="是"),"是","否"))
A15: 11 | F15: =IF(K15="","",IF(AND(D15="是",E15<>"",E15<=30),"是","否")) | I15: =IF(K15="","",IF(AND(F15="是",G15="是",H15="是"),"是","否"))
A16: 12 | F16: =IF(K16="","",IF(AND(D16="是",E16<>"",E16<=30),"是","否")) | I16: =IF(K16="","",IF(AND(F16="是",G16="是",H16="是"),"是","否"))
... A34: 30 | F34: =IF(K34="","",IF(AND(D34="是",E34<>"",E34<=30),"是","否")) | I34: =IF(K34="","",IF(AND(F34="是",G34="是",H34="是"),"是","否"))

Sheet 问题记录
A1: 试用问题记录 | B1: 试用问题记录 | C1: 试用问题记录 | D1: 试用问题记录 | E1: 试用问题记录 | F1: 试用问题记录 | G1: 试用问题记录 | H1: 试用问题记录 | I1: 试用问题记录 | J1: 试用问题记录 | K1: 试用问题记录 | L1: 试用问题记录 | M1: 试用问题记录
A2: 只记录可复现的产品问题。证据不得包含孩子姓名、脸部、声音、账号、设备唯一标识或个人学习数据。 | B2: 只记录可复现的产品问题。证据不得包含孩子姓名、脸部、声音、账号、设备唯一标识或个人学习数据。 | C2: 只记录可复现的产品问题。证据不得包含孩子姓名、脸部、声音、账号、设备唯一标识或个人学习数据。 | D2: 只记录可复现的产品问题。证据不得包含孩子姓名、脸部、声音、账号、设备唯一标识或个人学习数据。 | E2: 只记录可复现的产品问题。证据不得包含孩子姓名、脸部、声音、账号、设备唯一标识或个人学习数据。 | F2: 只记录可复现的产品问题。证据不得包含孩子姓名、脸部、声音、账号、设备唯一标识或个人学习数据。 | G2: 只记录可复现的产品问题。证据不得包含孩子姓名、脸部、声音、账号、设备唯一标识或个人学习数据。 | H2: 只记录可复现的产品问题。证据不得包含孩子姓名、脸部、声音、账号、设备唯一标识或个人学习数据。 | I2: 只记录可复现的产品问题。证据不得包含孩子姓名、脸部、声音、账号、设备唯一标识或个人学习数据。 | J2: 只记录可复现的产品问题。证据不得包含孩子姓名、脸部、声音、账号、设备唯一标识或个人学习数据。 | K2: 只记录可复现的产品问题。证据不得包含孩子姓名、脸部、声音、账号、设备唯一标识或个人学习数据。 | L2: 只记录可复现的产品问题。证据不得包含孩子姓名、脸部、声音、账号、设备唯一标识或个人学习数据。 | M2: 只记录可复现的产品问题。证据不得包含孩子姓名、脸部、声音、账号、设备唯一标识或个人学习数据。
A4: 问题行 | B4: 轮次 | C4: 日期 | D4: 任务步骤 | E4: 平台类别 | F4: 严重度 | G4: 阻塞多数使用者 | H4: 复现步骤 | I4: 期望结果 | J4: 实际结果 | K4: 证据位置（内部） | L4: 状态 | M4: 备注
A5: 1
A6: 2
A7: 3
A8: 4
A9: 5
A10: 6
A11: 7
A12: 8
A13: 9
A14: 10
A15: 11
A16: 12
... A44: 40
